<?xml version="1.0" encoding="UTF-8"?><MD_Metadata xmlns:xlink="http://www.w3.org/1999/xlink" xmlns:srv="http://www.isotc211.org/2005/srv" xmlns:gts="http://www.isotc211.org/2005/gts" xmlns:xalan="http://xml.apache.org/xalan" xmlns:gco="http://www.isotc211.org/2005/gco" xmlns:gml="http://www.opengis.net/gml" xmlns:xsi="http://www.w3.org/2001/XMLSchema-instance" xmlns="http://www.isotc211.org/2005/gmd">
    <characterSet>
        <MD_CharacterSetCode codeList="http://www.isotc211.org/2005/resources/Codelist/gmxCodelists.xml#MD_CharacterSetCode" codeListValue="utf8" codeSpace="ISOTC211/19115">utf8</MD_CharacterSetCode>
    </characterSet>
    <hierarchyLevel>
        <MD_ScopeCode codeList="http://www.isotc211.org/2005/resources/Codelist/gmxCodelists.xml#MD_ScopeCode" codeListValue="dataset" codeSpace="ISOTC211/19115">dataset</MD_ScopeCode>
    </hierarchyLevel>
    <hierarchyLevelName>
        <gco:CharacterString>dataset</gco:CharacterString>
    </hierarchyLevelName>
    <contact gco:nilReason="missing"/>
    <dateStamp gco:nilReason="missing"/>
    <metadataStandardName>
        <gco:CharacterString>ISO 19139 Geographic Information - Metadata - Implementation Specification</gco:CharacterString>
    </metadataStandardName>
    <metadataStandardVersion>
        <gco:CharacterString>2007</gco:CharacterString>
    </metadataStandardVersion>
    <identificationInfo>
        <MD_DataIdentification>
            <citation gco:nilReason="missing"/>
            <abstract>
                <gco:CharacterString>Recorridos de los itinerarios, andenes y estaciones de las líneas de la Red de Metro de la Comunidad de Madrid</gco:CharacterString>
            </abstract>
            <purpose>
                <gco:CharacterString>Líneas de la Red de Metro de la Comunidad de Madrid</gco:CharacterString>
            </purpose>
            <credit>
                <gco:CharacterString>© CRTM</gco:CharacterString>
            </credit>
            <descriptiveKeywords>
                <MD_Keywords>
                    <keyword>
                        <gco:CharacterString>Metro</gco:CharacterString>
                    </keyword>
                    <keyword>
                        <gco:CharacterString>CRTM</gco:CharacterString>
                    </keyword>
                    <keyword>
                        <gco:CharacterString>Comunidad de Madrid</gco:CharacterString>
                    </keyword>
                    <keyword>
                        <gco:CharacterString>Madrid</gco:CharacterString>
                    </keyword>
                    <keyword>
                        <gco:CharacterString>Consorcio Regional de Transportes de Madrid</gco:CharacterString>
                    </keyword>
                    <keyword>
                        <gco:CharacterString>Transporte</gco:CharacterString>
                    </keyword>
                    <keyword>
                        <gco:CharacterString>Paradas</gco:CharacterString>
                    </keyword>
                    <keyword>
                        <gco:CharacterString>Estaciones</gco:CharacterString>
                    </keyword>
                    <keyword>
                        <gco:CharacterString>Andenes</gco:CharacterString>
                    </keyword>
                    <keyword>
                        <gco:CharacterString>Líneas</gco:CharacterString>
                    </keyword>
                    <keyword>
                        <gco:CharacterString>Itinerarios</gco:CharacterString>
                    </keyword>
                </MD_Keywords>
            </descriptiveKeywords>
            <descriptiveKeywords>
                <MD_Keywords>
                    <keyword>
                        <gco:CharacterString>Metro</gco:CharacterString>
                    </keyword>
                    <keyword>
                        <gco:CharacterString>CRTM</gco:CharacterString>
                    </keyword>
                    <keyword>
                        <gco:CharacterString>Comunidad de Madrid</gco:CharacterString>
                    </keyword>
                    <keyword>
                        <gco:CharacterString>Madrid</gco:CharacterString>
                    </keyword>
                    <keyword>
                        <gco:CharacterString>Consorcio Regional de Transportes de Madrid</gco:CharacterString>
                    </keyword>
                    <keyword>
                        <gco:CharacterString>Transporte</gco:CharacterString>
                    </keyword>
                    <keyword>
                        <gco:CharacterString>Paradas</gco:CharacterString>
                    </keyword>
                    <keyword>
                        <gco:CharacterString>Estaciones</gco:CharacterString>
                    </keyword>
                    <keyword>
                        <gco:CharacterString>Andenes</gco:CharacterString>
                    </keyword>
                    <keyword>
                        <gco:CharacterString>Líneas</gco:CharacterString>
                    </keyword>
                    <keyword>
                        <gco:CharacterString>Itinerarios</gco:CharacterString>
                    </keyword>
                </MD_Keywords>
            </descriptiveKeywords>
            <descriptiveKeywords>
                <MD_Keywords>
                    <keyword>
                        <gco:CharacterString>Metro</gco:CharacterString>
                    </keyword>
                    <keyword>
                        <gco:CharacterString>CRTM</gco:CharacterString>
                    </keyword>
                    <keyword>
                        <gco:CharacterString>Comunidad de Madrid</gco:CharacterString>
                    </keyword>
                    <keyword>
                        <gco:CharacterString>Madrid</gco:CharacterString>
                    </keyword>
                    <keyword>
                        <gco:CharacterString>Consorcio Regional de Transportes de Madrid</gco:CharacterString>
                    </keyword>
                    <keyword>
                        <gco:CharacterString>Transporte</gco:CharacterString>
                    </keyword>
                    <keyword>
                        <gco:CharacterString>Paradas</gco:CharacterString>
                    </keyword>
                    <keyword>
                        <gco:CharacterString>Estaciones</gco:CharacterString>
                    </keyword>
                    <keyword>
                        <gco:CharacterString>Andenes</gco:CharacterString>
                    </keyword>
                    <keyword>
                        <gco:CharacterString>Líneas</gco:CharacterString>
                    </keyword>
                    <keyword>
                        <gco:CharacterString>Itinerarios</gco:CharacterString>
                    </keyword>
                </MD_Keywords>
            </descriptiveKeywords>
            <descriptiveKeywords>
                <MD_Keywords>
                    <keyword>
                        <gco:CharacterString>Metro</gco:CharacterString>
                    </keyword>
                    <keyword>
                        <gco:CharacterString>CRTM</gco:CharacterString>
                    </keyword>
                    <keyword>
                        <gco:CharacterString>Comunidad de Madrid</gco:CharacterString>
                    </keyword>
                    <keyword>
                        <gco:CharacterString>Madrid</gco:CharacterString>
                    </keyword>
                    <keyword>
                        <gco:CharacterString>Consorcio Regional de Transportes de Madrid</gco:CharacterString>
                    </keyword>
                    <keyword>
                        <gco:CharacterString>Transporte</gco:CharacterString>
                    </keyword>
                    <keyword>
                        <gco:CharacterString>Paradas</gco:CharacterString>
                    </keyword>
                    <keyword>
                        <gco:CharacterString>Estaciones</gco:CharacterString>
                    </keyword>
                    <keyword>
                        <gco:CharacterString>Andenes</gco:CharacterString>
                    </keyword>
                    <keyword>
                        <gco:CharacterString>Líneas</gco:CharacterString>
                    </keyword>
                    <keyword>
                        <gco:CharacterString>Itinerarios</gco:CharacterString>
                    </keyword>
                </MD_Keywords>
            </descriptiveKeywords>
            <descriptiveKeywords>
                <MD_Keywords>
                    <keyword>
                        <gco:CharacterString>Metro</gco:CharacterString>
                    </keyword>
                    <keyword>
                        <gco:CharacterString>CRTM</gco:CharacterString>
                    </keyword>
                    <keyword>
                        <gco:CharacterString>Comunidad de Madrid</gco:CharacterString>
                    </keyword>
                    <keyword>
                        <gco:CharacterString>Madrid</gco:CharacterString>
                    </keyword>
                    <keyword>
                        <gco:CharacterString>Consorcio Regional de Transportes de Madrid</gco:CharacterString>
                    </keyword>
                    <keyword>
                        <gco:CharacterString>Transporte</gco:CharacterString>
                    </keyword>
                    <keyword>
                        <gco:CharacterString>Paradas</gco:CharacterString>
                    </keyword>
                    <keyword>
                        <gco:CharacterString>Estaciones</gco:CharacterString>
                    </keyword>
                    <keyword>
                        <gco:CharacterString>Andenes</gco:CharacterString>
                    </keyword>
                    <keyword>
                        <gco:CharacterString>Líneas</gco:CharacterString>
                    </keyword>
                    <keyword>
                        <gco:CharacterString>Itinerarios</gco:CharacterString>
                    </keyword>
                </MD_Keywords>
            </descriptiveKeywords>
            <descriptiveKeywords>
                <MD_Keywords>
                    <keyword>
                        <gco:CharacterString>Metro</gco:CharacterString>
                    </keyword>
                    <keyword>
                        <gco:CharacterString>CRTM</gco:CharacterString>
                    </keyword>
                    <keyword>
                        <gco:CharacterString>Comunidad de Madrid</gco:CharacterString>
                    </keyword>
                    <keyword>
                        <gco:CharacterString>Madrid</gco:CharacterString>
                    </keyword>
                    <keyword>
                        <gco:CharacterString>Consorcio Regional de Transportes de Madrid</gco:CharacterString>
                    </keyword>
                    <keyword>
                        <gco:CharacterString>Transporte</gco:CharacterString>
                    </keyword>
                    <keyword>
                        <gco:CharacterString>Paradas</gco:CharacterString>
                    </keyword>
                    <keyword>
                        <gco:CharacterString>Estaciones</gco:CharacterString>
                    </keyword>
                    <keyword>
                        <gco:CharacterString>Andenes</gco:CharacterString>
                    </keyword>
                    <keyword>
                        <gco:CharacterString>Líneas</gco:CharacterString>
                    </keyword>
                    <keyword>
                        <gco:CharacterString>Itinerarios</gco:CharacterString>
                    </keyword>
                </MD_Keywords>
            </descriptiveKeywords>
            <descriptiveKeywords>
                <MD_Keywords>
                    <keyword>
                        <gco:CharacterString>Metro</gco:CharacterString>
                    </keyword>
                    <keyword>
                        <gco:CharacterString>CRTM</gco:CharacterString>
                    </keyword>
                    <keyword>
                        <gco:CharacterString>Comunidad de Madrid</gco:CharacterString>
                    </keyword>
                    <keyword>
                        <gco:CharacterString>Madrid</gco:CharacterString>
                    </keyword>
                    <keyword>
                        <gco:CharacterString>Consorcio Regional de Transportes de Madrid</gco:CharacterString>
                    </keyword>
                    <keyword>
                        <gco:CharacterString>Transporte</gco:CharacterString>
                    </keyword>
                    <keyword>
                        <gco:CharacterString>Paradas</gco:CharacterString>
                    </keyword>
                    <keyword>
                        <gco:CharacterString>Estaciones</gco:CharacterString>
                    </keyword>
                    <keyword>
                        <gco:CharacterString>Andenes</gco:CharacterString>
                    </keyword>
                    <keyword>
                        <gco:CharacterString>Líneas</gco:CharacterString>
                    </keyword>
                    <keyword>
                        <gco:CharacterString>Itinerarios</gco:CharacterString>
                    </keyword>
                </MD_Keywords>
            </descriptiveKeywords>
            <descriptiveKeywords>
                <MD_Keywords>
                    <keyword>
                        <gco:CharacterString>Metro</gco:CharacterString>
                    </keyword>
                    <keyword>
                        <gco:CharacterString>CRTM</gco:CharacterString>
                    </keyword>
                    <keyword>
                        <gco:CharacterString>Comunidad de Madrid</gco:CharacterString>
                    </keyword>
                    <keyword>
                        <gco:CharacterString>Madrid</gco:CharacterString>
                    </keyword>
                    <keyword>
                        <gco:CharacterString>Consorcio Regional de Transportes de Madrid</gco:CharacterString>
                    </keyword>
                    <keyword>
                        <gco:CharacterString>Transporte</gco:CharacterString>
                    </keyword>
                    <keyword>
                        <gco:CharacterString>Paradas</gco:CharacterString>
                    </keyword>
                    <keyword>
                        <gco:CharacterString>Estaciones</gco:CharacterString>
                    </keyword>
                    <keyword>
                        <gco:CharacterString>Andenes</gco:CharacterString>
                    </keyword>
                    <keyword>
                        <gco:CharacterString>Líneas</gco:CharacterString>
                    </keyword>
                    <keyword>
                        <gco:CharacterString>Itinerarios</gco:CharacterString>
                    </keyword>
                </MD_Keywords>
            </descriptiveKeywords>
            <descriptiveKeywords>
                <MD_Keywords>
                    <keyword>
                        <gco:CharacterString>Metro</gco:CharacterString>
                    </keyword>
                    <keyword>
                        <gco:CharacterString>CRTM</gco:CharacterString>
                    </keyword>
                    <keyword>
                        <gco:CharacterString>Comunidad de Madrid</gco:CharacterString>
                    </keyword>
                    <keyword>
                        <gco:CharacterString>Madrid</gco:CharacterString>
                    </keyword>
                    <keyword>
                        <gco:CharacterString>Consorcio Regional de Transportes de Madrid</gco:CharacterString>
                    </keyword>
                    <keyword>
                        <gco:CharacterString>Transporte</gco:CharacterString>
                    </keyword>
                    <keyword>
                        <gco:CharacterString>Paradas</gco:CharacterString>
                    </keyword>
                    <keyword>
                        <gco:CharacterString>Estaciones</gco:CharacterString>
                    </keyword>
                    <keyword>
                        <gco:CharacterString>Andenes</gco:CharacterString>
                    </keyword>
                    <keyword>
                        <gco:CharacterString>Líneas</gco:CharacterString>
                    </keyword>
                    <keyword>
                        <gco:CharacterString>Itinerarios</gco:CharacterString>
                    </keyword>
                </MD_Keywords>
            </descriptiveKeywords>
            <descriptiveKeywords>
                <MD_Keywords>
                    <keyword>
                        <gco:CharacterString>Metro</gco:CharacterString>
                    </keyword>
                    <keyword>
                        <gco:CharacterString>CRTM</gco:CharacterString>
                    </keyword>
                    <keyword>
                        <gco:CharacterString>Comunidad de Madrid</gco:CharacterString>
                    </keyword>
                    <keyword>
                        <gco:CharacterString>Madrid</gco:CharacterString>
                    </keyword>
                    <keyword>
                        <gco:CharacterString>Consorcio Regional de Transportes de Madrid</gco:CharacterString>
                    </keyword>
                    <keyword>
                        <gco:CharacterString>Transporte</gco:CharacterString>
                    </keyword>
                    <keyword>
                        <gco:CharacterString>Paradas</gco:CharacterString>
                    </keyword>
                    <keyword>
                        <gco:CharacterString>Estaciones</gco:CharacterString>
                    </keyword>
                    <keyword>
                        <gco:CharacterString>Andenes</gco:CharacterString>
                    </keyword>
                    <keyword>
                        <gco:CharacterString>Líneas</gco:CharacterString>
                    </keyword>
                    <keyword>
                        <gco:CharacterString>Itinerarios</gco:CharacterString>
                    </keyword>
                </MD_Keywords>
            </descriptiveKeywords>
            <descriptiveKeywords>
                <MD_Keywords>
                    <keyword>
                        <gco:CharacterString>Metro</gco:CharacterString>
                    </keyword>
                    <keyword>
                        <gco:CharacterString>CRTM</gco:CharacterString>
                    </keyword>
                    <keyword>
                        <gco:CharacterString>Comunidad de Madrid</gco:CharacterString>
                    </keyword>
                    <keyword>
                        <gco:CharacterString>Madrid</gco:CharacterString>
                    </keyword>
                    <keyword>
                        <gco:CharacterString>Consorcio Regional de Transportes de Madrid</gco:CharacterString>
                    </keyword>
                    <keyword>
                        <gco:CharacterString>Transporte</gco:CharacterString>
                    </keyword>
                    <keyword>
                        <gco:CharacterString>Paradas</gco:CharacterString>
                    </keyword>
                    <keyword>
                        <gco:CharacterString>Estaciones</gco:CharacterString>
                    </keyword>
                    <keyword>
                        <gco:CharacterString>Andenes</gco:CharacterString>
                    </keyword>
                    <keyword>
                        <gco:CharacterString>Líneas</gco:CharacterString>
                    </keyword>
                    <keyword>
                        <gco:CharacterString>Itinerarios</gco:CharacterString>
                    </keyword>
                </MD_Keywords>
            </descriptiveKeywords>
            <resourceConstraints>
                <MD_Constraints>
                    <useLimitation>
                        <gco:CharacterString>http://www.crtm.es/licencia-de-uso</gco:CharacterString>
                    </useLimitation>
                </MD_Constraints>
            </resourceConstraints>
            <language gco:nilReason="missing"/>
            <characterSet>
                <MD_CharacterSetCode codeList="http://www.isotc211.org/2005/resources/Codelist/gmxCodelists.xml#MD_CharacterSetCode" codeListValue="utf8" codeSpace="ISOTC211/19115">utf8</MD_CharacterSetCode>
            </characterSet>
        </MD_DataIdentification>
    </identificationInfo>
</MD_Metadata>
